{
    "rmse": 0.6848271126154586,
    "mae": 0.5330343011541744,
    "r2": 0.2796987034660944
}